{"liam\\day1\\part1.py": 1.0058717727661133, "liam\\day1\\part2.py": 0.0007114410400390625}